Tiempo,Susceptibles,Infectados,Recuperados
-5,9.5,0.5,0
-4.98998998998999,9.49426910210371,0.504725173829489,0.00100572406680202
-4.97997997997998,9.48848757153633,0.509491479395176,0.00202094906849295
-4.96996996996997,9.48265503484983,0.514299207508802,0.00304575764136471
-4.95995995995996,9.47677111728998,0.519148649711946,0.00408023299807022
-4.94994994994995,9.47083544277258,0.524040098285204,0.00512445894222099
-4.93993993993994,9.46484763388263,0.528973846248668,0.0061785198687002
-4.92992992992993,9.45880731156322,0.533950187321933,0.00724250111484415
-4.91991991991992,9.45271409479256,0.538969416329921,0.00831648887751403
-4.90990990990991,9.44656760192534,0.54403182901091,0.00940056906375031
-4.8998998998999,9.44036745041023,0.54913772141948,0.0104948281702921
-4.88988988988989,9.43411325676984,0.554287389914847,0.0115993533153091
-4.87987987987988,9.42780463660073,0.559481131160866,0.0127142322384021
-4.86986986986987,9.42144120457337,0.564719242126026,0.0138395533006025
-4.85985985985986,9.41502257443217,0.570002020083455,0.0149754054843724
-4.84984984984985,9.40854835899547,0.57532976261092,0.0161218783936049
-4.83983983983984,9.40201817015555,0.580702767590821,0.0172790622536236
-4.82982982982983,9.39543161887862,0.586121333210199,0.0184470479111832
-4.81981981981982,9.3887883152048,0.591585757960729,0.019625926834469
-4.80980980980981,9.38208786824818,0.597096340638724,0.0208157911130971
-4.7997997997998,9.37532988619675,0.602653380345136,0.0220167334581144
-4.78978978978979,9.36851397631245,0.608257176485551,0.0232288472019986
-4.77977977977978,9.36163974493115,0.613908028770195,0.0244522262986582
-4.76976976976977,9.35470679746264,0.61960623721393,0.0256869653234323
-4.75975975975976,9.34771473839065,0.625352102136253,0.0269331594730912
-4.74974974974975,9.34066317127286,0.631145924161303,0.0281909045658355
-4.73973973973974,9.33355169874085,0.63698800421785,0.0294602970412969
-4.72972972972973,9.32637992250016,0.642878643539306,0.0307414339605379
-4.71971971971972,9.31914744333023,0.648818143663718,0.0320344130060514
-4.70970970970971,9.31185386108447,0.65480680643377,0.0333393324817616
-4.6996996996997,9.30449877469019,0.660844933996784,0.0346562913130231
-4.68968968968969,9.29708178214866,0.666932828804719,0.0359853890466216
-4.67967967967968,9.28960256742714,0.673070709161031,0.0373267234118279
-4.66966966966967,9.28206097116088,0.679258640361109,0.0386803884780055
-4.65965965965966,9.27445656270817,0.685496950635156,0.0400464866566738
-4.64964964964965,9.26678889453574,0.691785984065927,0.041425121398334
-4.63963963963964,9.25905752176159,0.698126081599822,0.0428163966385866
-4.62962962962963,9.25126200215498,0.704517581046889,0.0442204167981314
-4.61961961961962,9.24340189613641,0.710960817080819,0.0456372867827678
-4.60960960960961,9.23547676677765,0.717456121238953,0.0470671119833941
-4.5995995995996,9.22748617980172,0.724003821922276,0.048509998276008
-4.58958958958959,9.21942970358287,0.730604244395418,0.0499660520217068
-4.57957957957958,9.21130690914665,0.737257710786659,0.0514353800666867
-4.56956956956957,9.20311737016983,0.743964540087921,0.0529180897422435
-4.55955955955956,9.19486066298045,0.750725048154775,0.0544142888647721
-4.54954954954955,9.18653636655779,0.757539547706438,0.055924085735767
-4.53953953953954,9.17814406253241,0.764408348325771,0.0574475891418217
-4.52952952952953,9.16968333518609,0.771331756459284,0.0589849083546292
-4.51951951951952,9.16115377145189,0.77831007541713,0.0605361531309816
-4.50950950950951,9.15255496091411,0.785343605373113,0.0621014337127706
-4.4994994994995,9.14388649580834,0.792432643364678,0.0636808608269871
-4.48948948948949,9.13514797102136,0.799577483292919,0.0652745456857211
-4.47947947947948,9.12633898409126,0.806778415922575,0.0668825999861621
-4.46946946946947,9.11745913520737,0.814035728882034,0.068505135910599
-4.45945945945946,9.10850802721025,0.821349706663326,0.0701422661264198
-4.44944944944945,9.09948526559176,0.828720630622129,0.0717941037861119
-4.43943943943944,9.09039045849497,0.836148778977769,0.073460762527262
-4.42942942942943,9.08122321671423,0.843634426813216,0.0751423564725562
-4.41941941941942,9.07198315369513,0.851177846075087,0.0768390002297797
-4.40940940940941,9.06266988553454,0.858779305573644,0.0785508088918172
-4.3993993993994,9.05328303098055,0.866439070982797,0.0802778980366527
-4.38938938938939,9.04382221143253,0.874157404840102,0.0820203837273693
-4.37937937937938,9.03428705094109,0.881934566546759,0.0837783825121497
-4.36936936936937,9.02467717620811,0.889770812367616,0.0855520114242756
-4.35935935935936,9.0149922165867,0.897666395431168,0.0873413879821283
-4.34934934934935,9.00523180408126,0.905621565729555,0.0891466301891882
-4.33933933933934,8.9953955733474,0.913636570118563,0.0909678565340352
-4.32932932932933,8.98548316169203,0.921711652317625,0.0928051859903483
-4.31931931931932,8.97549420907328,0.929847052909818,0.0946587380169059
-4.30930930930931,8.96542835810054,0.938043009341869,0.0965286325575858
-4.2992992992993,8.95528525403449,0.946299755924148,0.098414990041365
-4.28928928928929,8.94506454478701,0.954617523830672,0.10031793138232
-4.27927927927928,8.93476588092127,0.962996541099106,0.102237577979626
-4.26926926926927,8.92438891565168,0.971437032630759,0.104174051717558
-4.25925925925926,8.91393330484392,0.979939220190586,0.10612747496549
-4.24924924924925,8.90339870701491,0.98850332240719,0.108097970577897
-4.23923923923924,8.89278478333283,0.997129554772819,0.11008566189435
-4.22922922922923,8.88209119761711,1.00581812964337,0.112090672739522
-4.21921921921922,8.87131761633844,1.01456925623837,0.114113127423185
-4.20920920920921,8.86046370861876,1.02338314064103,0.116153150740209
-4.1991991991992,8.84952914623127,1.03225998579816,0.118210867970565
-4.18918918918919,8.83851360360042,1.04119999152026,0.120286404879321
-4.17917917917918,8.82741675780191,1.05020335448144,0.122379887716647
-4.16916916916917,8.81623828856272,1.05927026821947,0.124491443217811
-4.15915915915916,8.80497787826104,1.06840092313578,0.126621198603179
-4.14914914914915,8.79363521192635,1.07759550649543,0.128769281578219
-4.13913913913914,8.78220997723938,1.08685420242712,0.130935820333496
-4.12912912912913,8.7707018645321,1.09617719192322,0.133120943544676
-4.11911911911912,8.75911056678775,1.10556465283973,0.135324780372523
-4.10910910910911,8.74743577964081,1.11501675989629,0.137547460462902
-4.0990990990991,8.73567720137702,1.1245336846762,0.139789113946774
-4.08908908908909,8.72383453293339,1.13411559562641,0.142049871440204
-4.07907907907908,8.71190747789815,1.14376265805749,0.144329864044352
-4.06906906906907,8.69989574251083,1.15347503414369,0.14662922334548
-4.05905905905906,8.68779903566217,1.16325288292288,0.148948081414948
-4.04904904904905,8.6756170688942,1.17309636029658,0.151286570809216
-4.03903903903904,8.66334955640017,1.18300561902998,0.153644824569843
-4.02902902902903,8.65099621502462,1.19298080875189,0.156022976223487
-4.01901901901902,8.63855676426333,1.20302207595477,0.158421159781906
-4.00900900900901,8.62603092626331,1.21312956399473,0.160839509741957
-3.998998998999,8.61341842582287,1.22330341309154,0.163278161085596
-3.98898898898899,8.60071899039153,1.23354376032858,0.165737249279879
-3.97897897897898,8.58793235007011,1.24385073965293,0.16821691027696
-3.96896896896897,8.57505823761065,1.25422448187526,0.170717280514094
-3.95895895895896,8.56209638841645,1.26466511466992,0.173238496913634
-3.94894894894895,8.54904654054207,1.27517276257489,0.175780696883033
-3.93893893893894,8.53590843469333,1.28574754699183,0.178344018314844
-3.92892892892893,8.5226818142273,1.29638958618599,0.180928599586716
-3.91891891891892,8.50936642515229,1.30709899528631,0.183534579561402
-3.90890890890891,8.49596201612789,1.31787588628536,0.186162097586752
-3.8988988988989,8.48246833846492,1.32872036803936,0.188811293495714
-3.88888888888889,8.46888530032579,1.33963242397767,0.19148227569654
-3.87887887887888,8.4552134682512,1.35061151150276,0.194175020246042
-3.86886886886887,8.44145269535258,1.36165764830988,0.196889656337538
-3.85885885885886,8.42760272330784,1.37277093866971,0.199626338022449
-3.84884884884885,8.41366330518776,1.38395147627997,0.202385218532264
-3.83883883883884,8.39963420545601,1.39519934426544,0.205166450278547
-3.82882882882883,8.38551519996913,1.40651461517794,0.20797018485293
-3.81881881881882,8.37130607597657,1.41789735099631,0.21079657302712
-3.80880880880881,8.35700663212065,1.42934760312646,0.213645764752891
-3.7987987987988,8.34261667843657,1.44086541240134,0.216517909162091
-3.78878878878879,8.32813603635243,1.45245080908092,0.21941315456664
-3.77877877877878,8.31356453868922,1.46410381285225,0.222331648458527
-3.76876876876877,8.29890202966079,1.4758244328294,0.225273537509812
-3.75875875875876,8.28414836487389,1.48761266755348,0.22823896757263
-3.74874874874875,8.26930341132815,1.49946850499266,0.231228083679183
-3.73873873873874,8.25436704741611,1.51139192254214,0.234241030041747
-3.72872872872873,8.23933916292316,1.52338288702417,0.237277950052667
-3.71871871871872,8.2242196590276,1.53544135468804,0.240338986284363
-3.70870870870871,8.20900844830059,1.54756727121008,0.243424280489321
-3.6986986986987,8.19370545470621,1.55976057169368,0.246533973600104
-3.68868868868869,8.1783106136014,1.57202118066925,0.249668205729342
-3.67867867867868,8.16282387173599,1.58434901209427,0.252827116169738
-3.66866866866867,8.1472451872527,1.59674396935323,0.256010843394065
-3.65865865865866,8.13157452968713,1.6092059452577,0.25921952505517
-3.64864864864865,8.11581187996777,1.62173482204626,0.262453297985969
-3.63863863863864,8.099957230416,1.63433047138455,0.26571229819945
-3.62862862862863,8.08401058474606,1.64699275436526,0.268996660888671
-3.61861861861862,8.06797195806512,1.65972152150812,0.272306520426764
-3.60860860860861,8.05184137687318,1.67251661275988,0.27564201036693
-3.5985985985986,8.03561887906318,1.68537785749437,0.279003263442442
-3.58858858858859,8.01930451392091,1.69830507451244,0.282390411566644
-3.57857857857858,8.00289834212506,1.71129807204199,0.285803585832952
-3.56856856856857,7.98640043574718,1.72435664773796,0.289242916514852
-3.55855855855856,7.96981087825176,1.73748058868234,0.292708533065903
-3.54854854854855,7.95312976449611,1.75066967138415,0.296200564119734
-3.53853853853854,7.93635720073048,1.76392366177947,0.299719137490046
-3.52852852852853,7.91949330459797,1.77724231523142,0.303264380170611
-3.51851851851852,7.90253820513457,1.79062537653015,0.306836418335271
-3.50850850850851,7.88549204276918,1.80407257989288,0.310435377337942
-3.4984984984985,7.86835496932356,1.81758364896383,0.314061381712608
-3.48848848848849,7.85112714801236,1.83115829681431,0.317714555173328
-3.47847847847848,7.83380875344312,1.84479622594265,0.32139502061423
-3.46846846846847,7.81639997161627,1.85849712827422,0.325102900109512
-3.45845845845846,7.79890099992511,1.87226068516144,0.328838314913446
-3.44844844844845,7.78131204715584,1.88608656738378,0.332601385460375
-3.43843843843844,7.76363333348754,1.89997443514774,0.33639223136471
-3.42842842842843,7.74586509049218,1.91392393808688,0.340210971420939
-3.41841841841842,7.72800756113459,1.92793471526179,0.344057723603615
-3.40840840840841,7.71006099977253,1.9420063951601,0.347932605067367
-3.3983983983984,7.69202567215661,1.9561385956965,0.351835732146892
-3.38838838838839,7.67390185543033,1.9703309242127,0.355767220356962
-3.37837837837838,7.6556898381301,1.98458297747749,0.359727184392417
-3.36836836836837,7.63738992018518,1.99889434168665,0.363715738128168
-3.35835835835836,7.61900241291773,2.01326459246306,0.367732994619202
-3.34834834834835,7.60052763904282,2.02769329485661,0.37177906610057
-3.33833833833834,7.58196593266836,2.04218000334423,0.375854063987401
-3.32832832832833,7.56331763929518,2.05672426182992,0.379958098874892
-3.31831831831832,7.54458311581698,2.0713256036447,0.384091280538311
-3.30830830830831,7.52576273052036,2.08598355154664,0.388253717932999
-3.2982982982983,7.50685686308477,2.10069761772086,0.392445519194366
-3.28828828828829,7.48786590458259,2.11546730377951,0.396666791637896
-3.27827827827828,7.46879025747906,2.1302921007618,0.400917641759142
-3.26826826826827,7.4496303356323,2.14517148913397,0.40519817523373
-3.25825825825826,7.43038656429334,2.1601049387893,0.409508496917355
-3.24824824824825,7.41105938010608,2.17509190904813,0.413848710845787
-3.23823823823824,7.39164923110729,2.19013184865784,0.418218920234862
-3.22822822822823,7.37215657672666,2.20522419579284,0.422619227480493
-3.21821821821822,7.35258188778674,2.2203683780546,0.42704973415866
-3.20820820820821,7.33292564650297,2.23556381247161,0.431510541025417
-3.1981981981982,7.31318834648368,2.25080990549943,0.436001748016887
-3.18818818818819,7.29337049273008,2.26610605302066,0.440523454249266
-3.17817817817818,7.27347260163627,2.28145164034491,0.44507575801882
-3.16816816816817,7.25349520098923,2.29684604220888,0.449658756801888
-3.15815815815816,7.23343882996883,2.31228862277629,0.454272547254879
-3.14814814814815,7.21330403914783,2.32777873563789,0.458917225214272
-3.13813813813814,7.19309139049187,2.34331572381151,0.463592885696621
-3.12812812812813,7.17280145735946,2.35889891974199,0.468299622898548
-3.11811811811812,7.15243482450203,2.37452764530122,0.473037530196747
-3.10810810810811,7.13199208806386,2.39020121178815,0.477806700147984
-3.0980980980981,7.11147385558214,2.40591891992877,0.482607224489096
-3.08808808808809,7.09088074598692,2.42168005987608,0.487439194136991
-3.07807807807808,7.07021338960117,2.43748391121018,0.492302699188649
-3.06806806806807,7.04947242814072,2.45332974293816,0.49719782892112
-3.05805805805806,7.02865851471429,2.46921681349418,0.502124671791526
-3.04804804804805,7.00777231382349,2.48514437073945,0.507083315437061
-3.03803803803804,6.98681450136281,2.5011116519622,0.512073846674989
-3.02802802802803,6.96578576461963,2.51711788387772,0.517096351502646
-3.01801801801802,6.94468680227421,2.53316228262835,0.522150915097439
-3.00800800800801,6.9235183243997,2.54924405378345,0.527237621816847
-2.997997997998,6.90228105246213,2.56536239233944,0.532356555198419
-2.98798798798799,6.88097571932043,2.58151648271979,0.537507797959776
-2.97797797797798,6.8596030692264,2.59770549877499,0.54269143199861
-2.96796796796797,6.83816385782472,2.61392860378259,0.547907538392685
-2.95795795795796,6.81665885215298,2.63018495044718,0.553156197399837
-2.94794794794795,6.79508883064163,2.6464736809004,0.558437488457969
-2.93793793793794,6.77345458311402,2.66279392670092,0.563751490185062
-2.92792792792793,6.75175691078638,2.67914480883446,0.569098280379162
-2.91791791791792,6.72999662626782,2.69552543771379,0.57447793601839
-2.90790790790791,6.70817455356035,2.71193491317871,0.579890533260936
-2.8978978978979,6.68629152805885,2.72837232449608,0.585336147445064
-2.88788788788789,6.66434798161579,2.74483719409217,0.590814824292044
-2.87787787787788,6.6423433272321,2.76133015034835,0.596326522419547
-2.86786786786787,6.62027848038853,2.77785023464219,0.601871284969276
-2.85785785785786,6.598154505101,2.79439633238424,0.607449162514763
-2.84784784784785,6.57597246589331,2.81096733056181,0.613060203544879
-2.83783783783784,6.55373342779721,2.82756211773897,0.618704454463824
-2.82782782782783,6.53143845635236,2.84417958405651,0.624381959591134
-2.81781781781782,6.50908861760635,2.86081862123197,0.63009276116168
-2.80780780780781,6.48668497811469,2.87747812255964,0.635836899325665
-2.7977977977978,6.46422860494081,2.89415698291056,0.641614412148626
-2.78778778778779,6.44172056565606,2.9108540987325,0.647425335611435
-2.77777777777778,6.41916192833972,2.92756836804999,0.653269703610297
-2.76776776776777,6.39655376157897,2.94429869046427,0.659147547956752
-2.75775775775776,6.37389713446895,2.96104396715338,0.665058898377672
-2.74774774774775,6.35119311661269,2.97780310087205,0.671003782515264
-2.73773773773774,6.32844277812115,2.99457499595178,0.67698222592707
-2.72772772772773,6.30564718961321,3.01135855830082,0.682994252085963
-2.71771771771772,6.28280742221569,3.02815269540415,0.689039882380154
-2.70770770770771,6.25992454756331,3.0449563163235,0.695119136113183
-2.6976976976977,6.23699963779872,3.06176833169735,0.701232030503928
-2.68768768768769,6.21403376557249,3.07858765374091,0.707378580686599
-2.67767767767768,6.19102800404312,3.09541319624614,0.71355879971074
-2.66766766766767,6.16798342687701,3.11224387458175,0.719772698541229
-2.65765765765766,6.14490110824852,3.1290786056932,0.726020286058278
-2.64764764764765,6.1217821228399,3.14591630810267,0.732301569057433
-2.63763763763764,6.09862754584133,3.1627559019091,0.738616552249573
-2.62762762762763,6.07543845295091,3.17959630878818,0.744965238260913
-2.61761761761762,6.05221592037467,3.19643645199233,0.751347627632999
-2.60760760760761,6.02896102482656,3.21327525635072,0.757763718822714
-2.5975975975976,6.00567484352845,3.23011164826928,0.764213508202271
-2.58758758758759,5.98235845421012,3.24694455573065,0.770696990059222
-2.57757757757758,5.9590129351093,3.26377290829425,0.777214156596447
-2.56756756756757,5.93563936497161,3.28059563709622,0.783764997932165
-2.55755755755756,5.91223882305062,3.29741167484945,0.790349502099926
-2.54754754754755,5.88881238910781,3.31421995584358,0.796967655048616
-2.53753753753754,5.86536114341256,3.33101941594498,0.803619440642451
-2.52752752752753,5.84188616674222,3.34780899259679,0.810304840660986
-2.51751751751752,5.81838854038202,3.36458762481887,0.817023834799106
-2.50750750750751,5.79486934612513,3.38135425320784,0.823776400667032
-2.4974974974975,5.77132966627264,3.39810781993704,0.830562513790317
-2.48748748748749,5.74777058363356,3.41484726875659,0.83738214760985
-2.47747747747748,5.72419318152483,3.43157154499332,0.844235273481853
-2.46746746746747,5.70059854377129,3.44827959555083,0.851121860677881
-2.45745745745746,5.67698775470573,3.46497036890945,0.858041876384824
-2.44744744744745,5.65336189916884,3.48164281512625,0.864995285704906
-2.43743743743744,5.62972206250925,3.49829588583507,0.871982051655684
-2.42742742742743,5.6060693305835,3.51492853424645,0.879002135170049
-2.41741741741742,5.58240478975604,3.53153971514773,0.886055495096227
-2.40740740740741,5.55872952689928,3.54812838490294,0.893142088197776
-2.3973973973974,5.53504462939352,3.56469350145289,0.900261869153591
-2.38738738738739,5.51135118512698,3.58123402431512,0.907414790557897
-2.37737737737738,5.48765028249583,3.59774891458392,0.914600802920255
-2.36736736736737,5.46394301040413,3.61423713493031,0.92181985466556
-2.35735735735736,5.44023045826388,3.63069764960208,0.929071892134041
-2.34734734734735,5.416513715995,3.64712942442374,0.93635685958126
-2.33733733733734,5.39279387402533,3.66353142679655,0.943674699178113
-2.32732732732733,5.36907202329064,3.67990262569853,0.951025351010831
-2.31731731731732,5.3453492552346,3.69624199168442,0.958408753080977
-2.30730730730731,5.32162666180883,3.71254849688572,0.96582484130545
-2.2972972972973,5.29790533547285,3.72882111501067,0.973273549516481
-2.28728728728729,5.27418636919411,3.74505882134426,0.980754809461636
-2.27727727727728,5.25047085644798,3.7612605927482,0.988268550803815
-2.26726726726727,5.22675989121776,3.77742540766099,0.995814701121251
-2.25725725725726,5.20305456799467,3.79355224609782,1.00339318590751
-2.24724724724725,5.17935598177784,3.80964008965066,1.0110039285715
-2.23723723723724,5.15566522807432,3.82568792148823,1.01864685043745
-2.22722722722723,5.13198340289912,3.84169472635596,1.02632187074493
-2.21721721721722,5.10831160277512,3.85765949057604,1.03402890664884
-2.20720720720721,5.08465092473315,3.87358120204743,1.04176787321942
-2.1971971971972,5.06100246631197,3.88945885024579,1.04953868344224
-2.18718718718719,5.03736732555823,3.90529142622356,1.05734124821821
-2.17717717717718,5.01374660102654,3.9210779226099,1.06517547636356
-2.16716716716717,4.99014139177941,3.93681733361073,1.07304127460986
-2.15715715715716,4.96655279738726,3.9525086550087,1.08093854760403
-2.14714714714715,4.94298191792847,3.96815088416323,1.08886719790831
-2.13713713713714,4.9194298539893,3.98374302001044,1.09682712600025
-2.12712712712713,4.89589770666396,3.99928406306325,1.10481823027279
-2.11711711711712,4.87238657755458,4.01477301541127,1.11284040703415
-2.10710710710711,4.8488975687712,4.03020888072089,1.12089355050791
-2.0970970970971,4.82543178293178,4.04559066423524,1.12897755283298
-2.08708708708709,4.80199032316221,4.06091737277417,1.13709230406361
-2.07707707707708,4.77857429309632,4.07618801473431,1.14523769216937
-2.06706706706707,4.75518479687582,4.091401600089,1.15341360303518
-2.05705705705706,4.73182293915038,4.10655714038835,1.16161992046127
-2.04704704704705,4.70848982507757,4.1216536487592,1.16985652616323
-2.03703703703704,4.68518656032289,4.13669013990514,1.17812329977197
-2.02702702702703,4.66191425105976,4.15166563010649,1.18642011883374
-2.01701701701702,4.63867400396953,4.16657913722035,1.19474685881012
-2.00700700700701,4.61546692624146,4.18142968068052,1.20310339307802
-1.996996996997,4.59229412557274,4.19621628149757,1.21148959292969
-1.98698698698699,4.56915671016847,4.21093796225882,1.21990532757271
-1.97697697697698,4.54605578874168,4.22559374712831,1.22835046413001
-1.96696696696697,4.52299247051334,4.24018266184684,1.23682486763982
-1.95695695695696,4.49996786521231,4.25470373373195,1.24532840105574
-1.94694694694695,4.47698308307539,4.26915599167793,1.25386092524668
-1.93693693693694,4.4540392348473,4.28353846615581,1.26242229899689
-1.92692692692693,4.43113743178068,4.29785018921335,1.27101237900596
-1.91691691691692,4.40827878563609,4.31209019447509,1.27963101988882
-1.90690690690691,4.38546440868202,4.32625751714228,1.2882780741757
-1.8968968968969,4.36269541369487,4.34035119399293,1.2969533923122
-1.88688688688689,4.33997254174784,4.35437055708242,1.30565690116973
-1.87687687687688,4.31729582473877,4.36831553285491,1.31438864240632
-1.86686686686687,4.2946661062085,4.38218544178881,1.32314845200269
-1.85685685685686,4.27208426774846,4.39597957761149,1.33193615464005
-1.84684684684685,4.2495511805498,4.40969724473277,1.34075157471743
-1.83683683683684,4.22706770540336,4.42333775824489,1.34959453635175
-1.82682682682683,4.20463469269972,4.43690044392256,1.35846486337772
-1.81681681681682,4.18225298242913,4.45038463822293,1.36736237934794
-1.80680680680681,4.15992340418158,4.4637896882856,1.37628690753281
-1.7967967967968,4.13764677714676,4.47711495193262,1.38523827092062
-1.78678678678679,4.11542391011405,4.49035979766847,1.39421629221748
-1.77677677677678,4.09325560147257,4.50352360468009,1.40322079384734
-1.76676676676677,4.07114263921112,4.51660576283688,1.412251597952
-1.75675675675676,4.04908580091823,4.52960567269065,1.42130852639112
-1.74674674674675,4.02708585378212,4.5425227454757,1.43039140074217
-1.73673673673674,4.00514355459074,4.55535640310875,1.4395000423005
-1.72672672672673,3.98325964973174,4.56810607818897,1.44863427207929
-1.71671671671672,3.96143487519245,4.58077121399799,1.45779391080955
-1.70670670670671,3.93966995655996,4.59335126449988,1.46697877894016
-1.6966966966967,3.91796560902104,4.60584569434114,1.47618869663782
-1.68668668668669,3.89632253736216,4.61825397885074,1.4854234837871
-1.67667667667668,3.87474143596951,4.6305756040401,1.49468295999039
-1.66666666666667,3.85322298882899,4.64281006660306,1.50396694456794
-1.65665665665666,3.83176786952622,4.65495687391594,1.51327525655784
-1.64664664664665,3.8103767412465,4.66701554403748,1.52260771471602
-1.63663663663664,3.78905025677487,4.67898560570888,1.53196413751625
-1.62662662662663,3.76778905849604,4.69086659835379,1.54134434315017
-1.61661661661662,3.74659377839447,4.70265807207829,1.55074814952724
-1.60660660660661,3.7254650380543,4.71435958767093,1.56017537427476
-1.5965965965966,3.7044034486594,4.7259707166027,1.5696258347379
-1.58658658658659,3.68340961099332,4.73749104102702,1.57909934797965
-1.57657657657658,3.66248411543936,4.74892015377978,1.58859573078086
-1.56656656656657,3.64162754198048,4.76025765837931,1.59811479964022
-1.55655655655656,3.62084046019938,4.77150316902637,1.60765637077425
-1.54654654654655,3.60012342927847,4.78265631060419,1.61722026011733
-1.53653653653654,3.57947699799986,4.79371671867845,1.62680628332169
-1.52652652652653,3.55890170474535,4.80468403949725,1.6364142557574
-1.51651651651652,3.53839807749649,4.81555792999116,1.64604399251235
-1.50650650650651,3.51796663383451,4.82633805777318,1.65569530839231
-1.4964964964965,3.49760788094034,4.83702410113878,1.66536801792087
-1.48648648648649,3.47732231559465,4.84761574906587,1.67506193533948
-1.47647647647648,3.4571104241778,4.85811270121478,1.68477687460742
-1.46646646646647,3.43697268266985,4.86851466792832,1.69451264940183
-1.45645645645646,3.41690955665059,4.87882137023174,1.70426907311767
-1.44644644644645,3.3969215012995,4.88903253983272,1.71404595886778
-1.43643643643644,3.37700896139578,4.89914791912141,1.72384311948281
-1.42642642642643,3.35717237131833,4.9091672611704,1.73366036751128
-1.41641641641642,3.33741215504577,4.91909032973471,1.74349751521953
-1.40640640640641,3.31772872615641,4.92891689925182,1.75335437459176
-1.3963963963964,3.2981224878283,4.93864675484168,1.76323075733003
-1.38638638638639,3.27859383283916,4.94827969230664,1.7731264748542
-1.37637637637638,3.25914314356645,4.95781551813154,1.78304133830201
-1.36636636636637,3.23977079198732,4.96725404948363,1.79297515852905
-1.35635635635636,3.22047713967863,4.97659511421265,1.80292774610872
-1.34634634634635,3.20126253781697,4.98583855085074,1.81289891133228
-1.33633633633634,3.18212732717861,4.99498420861253,1.82288846420886
-1.32632632632633,3.16307183813954,5.00403194739507,1.83289621446539
-1.31631631631632,3.14409639067546,5.01298163777786,1.84292197154668
-1.30630630630631,3.12520129436178,5.02183316102285,1.85296554461537
-1.2962962962963,3.10638684837362,5.03058640907445,1.86302674255193
-1.28628628628629,3.08765334148579,5.03924128455949,1.87310537395471
-1.27627627627628,3.06900105207285,5.04779770078728,1.88320124713987
-1.26626626626627,3.05043024810901,5.05625558174955,1.89331417014144
-1.25625625625626,3.03194118716825,5.06461486212049,1.90344395071126
-1.24624624624625,3.01353411642421,5.07287548725673,1.91359039631906
-1.23623623623624,2.99520927265026,5.08103741319735,1.92375331415238
-1.22622622622623,2.97696688221949,5.08910060666389,1.93393251111662
-1.21621621621622,2.95880716110467,5.09706504506031,1.94412779383501
-1.20620620620621,2.9407303148783,5.10493071647305,1.95433896864865
-1.1961961961962,2.92273653871259,5.11269761967096,1.96456584161645
-1.18618618618619,2.90482601737943,5.12036576410537,1.9748082185152
-1.17617617617618,2.88699892525046,5.12793516991004,1.9850659048395
-1.16616616616617,2.869255426297,5.13540586790117,1.99533870580183
-1.15615615615616,2.85159567409008,5.14277789957744,2.00562642633248
-1.14614614614615,2.83401981180046,5.15005131711994,2.0159288710796
-1.13613613613614,2.81652797219858,5.15722618339222,2.0262458444092
-1.12612612612613,2.79912027765462,5.16430257194028,2.0365771504051
-1.11611611611612,2.78179684013843,5.17128056699258,2.04692259286899
-1.10610610610611,2.7645577612196,5.17816026346,2.05728197532041
-1.0960960960961,2.74740313206741,5.18494176693588,2.06765510099671
-1.08608608608609,2.73033303345088,5.19162519369601,2.07804177285312
-1.07607607607608,2.71334753573869,5.19821067069862,2.08844179356269
-1.06606606606607,2.69644669889926,5.2046983355844,2.09885496551634
-1.05605605605606,2.67963057250072,5.21108833667648,2.1092810908228
-1.04604604604605,2.6628991957109,5.21738083298042,2.11971997130868
-1.03603603603604,2.64625259729734,5.22357599418426,2.1301714085184
-1.02602602602603,2.62969079562728,5.22967400065846,2.14063520371426
-1.01601601601602,2.61321379866768,5.23567504345594,2.15111115787638
-1.00600600600601,2.59682160398521,5.24157932431207,2.16159907170272
-0.995995995995996,2.58051419874624,5.24738705564465,2.17209874560911
-0.985985985985986,2.56429155971686,5.25309846055394,2.18260997972921
-0.975975975975976,2.54815365326285,5.25871377282265,2.1931325739145
-0.965965965965966,2.53210043534972,5.26423323691592,2.20366632773436
-0.955955955955956,2.51613185154267,5.26965710798137,2.21421104047595
-0.945945945945946,2.50024783700663,5.27498565184904,2.22476651114433
-0.935935935935936,2.48444831650621,5.28021914503141,2.23533253846238
-0.925925925925926,2.46873320440576,5.28535787472343,2.24590892087081
-0.915915915915916,2.4531024046693,5.29040213880249,2.2564954565282
-0.905905905905906,2.43755581086061,5.29535224582843,2.26709194331097
-0.895895895895896,2.42209330614313,5.30020851504351,2.27769817881336
-0.885885885885886,2.40671512036735,5.30497091620267,2.28831396342998
-0.875875875875876,2.39142175687306,5.30963913320105,2.29893910992588
-0.865865865865866,2.37621304533246,5.31421352097973,2.30957343368782
-0.855855855855856,2.36108879810889,5.31869445108857,2.32021675080254
-0.845845845845846,2.34604882550184,5.32308229639561,2.33086887810255
-0.835835835835836,2.33109293574691,5.32737743108706,2.34152963316603
-0.825825825825826,2.31622093501584,5.33158023066727,2.35219883431689
-0.815815815815816,2.30143262741647,5.33569107195878,2.36287630062475
-0.805805805805806,2.28672781499277,5.33971033310229,2.37356185190493
-0.795795795795796,2.27210629772486,5.34363839355667,2.38425530871847
-0.785785785785786,2.25756787352893,5.34747563409895,2.39495649237211
-0.775775775775776,2.24311233825735,5.35122243682432,2.40566522491832
-0.765765765765766,2.22873948569858,5.35487918514615,2.41638132915527
-0.755755755755756,2.2144491075772,5.35844626379597,2.42710462862683
-0.745745745745746,2.20024099355394,5.36192405882347,2.43783494762259
-0.735735735735736,2.18611493122562,5.36531295759652,2.44857211117786
-0.725725725725726,2.17207070612521,5.36861334880114,2.45931594507365
-0.715715715715716,2.1581081017218,5.37182562244153,2.47006627583667
-0.705705705705706,2.14422689942059,5.37495016984004,2.48082293073937
-0.695695695695696,2.1304268785629,5.37798738363722,2.49158573779988
-0.685685685685686,2.1167078164262,5.38093765779174,2.50235452578206
-0.675675675675676,2.10306948822406,5.38380138758047,2.51312912419547
-0.665665665665666,2.08951166710617,5.38657896959843,2.52390936329539
-0.655655655655656,2.07603412415837,5.38927080175882,2.53469507408281
-0.645645645645646,2.06263662840259,5.39187728329299,2.54548608830442
-0.635635635635636,2.04931894679691,5.39439881475046,2.55628223845263
-0.625625625625626,2.03608084423552,5.39683579799892,2.56708335776555
-0.615615615615616,2.02292208354874,5.39918863622424,2.57788928022702
-0.605605605605606,2.009842425503,5.40145773393042,2.58869984056658
-0.595595595595596,1.99684162880087,5.40364349693967,2.59951487425946
-0.585585585585586,1.98391945008103,5.40574633239233,2.61033421752665
-0.575575575575576,1.97107564391829,5.40776664874692,2.62115770733479
-0.565565565565566,1.95830996282358,5.40970485578013,2.63198518139629
-0.555555555555556,1.94562215724396,5.41156136458682,2.64281647816922
-0.545545545545546,1.93301197556261,5.41333658757999,2.6536514368574
-0.535535535535536,1.92047916409882,5.41503093849085,2.66448989741033
-0.525525525525526,1.90802346710803,5.41664483236873,2.67533170052324
-0.515515515515516,1.89564462678178,5.41817868558115,2.68617668763707
-0.505505505505506,1.88334238324774,5.4196329158138,2.69702470093845
-0.495495495495495,1.87111647456971,5.42100794207053,2.70787558335975
-0.485485485485485,1.85896663674761,5.42230418467335,2.71872917857904
-0.475475475475475,1.84689260371747,5.42352206526245,2.72958533102008
-0.465465465465465,1.83489410735146,5.42466200679617,2.74044388585238
-0.455455455455455,1.82297087745786,5.42572443355102,2.75130468899112
-0.445445445445445,1.8111226417811,5.42670977112169,2.76216758709721
-0.435435435435435,1.7993491260017,5.42761844642102,2.77303242757728
-0.425425425425425,1.78765005373632,5.42845088768002,2.78389905858366
-0.415415415415415,1.77602514653774,5.42920752444788,2.79476732901438
-0.405405405405405,1.76447412389486,5.42988878759193,2.80563708851321
-0.395395395395395,1.75299670323271,5.43049510929769,2.81650818746959
-0.385385385385385,1.74159259991245,5.43102692306884,2.82738047701871
-0.375375375375375,1.73026152723133,5.43148466372721,2.83825380904145
-0.365365365365365,1.71900319642277,5.43186876741283,2.8491280361644
-0.355355355355355,1.70781731665628,5.43217967158385,2.86000301175986
-0.345345345345345,1.69670359503751,5.43241781501663,2.87087858994586
-0.335335335335335,1.68566173660821,5.43258363780567,2.88175462558612
-0.325325325325325,1.67469144434628,5.43267758136364,2.89263097429008
-0.315315315315315,1.66379241916574,5.43270008842139,2.90350749241287
-0.305305305305305,1.65296435991671,5.43265160302792,2.91438403705537
-0.295295295295295,1.64220696338546,5.4325325705504,2.92526046606414
-0.285285285285285,1.63151992429437,5.43234343767417,2.93613663803146
-0.275275275275275,1.62090293530195,5.43208465240274,2.94701241229531
-0.265265265265265,1.61035568700282,5.43175666405778,2.95788764893941
-0.255255255255255,1.59987786792773,5.43135992327911,2.96876220879315
-0.245245245245245,1.58946916454357,5.43089488202475,2.97963595343167
-0.235235235235235,1.57912926125333,5.43036199357087,2.9905087451758
-0.225225225225225,1.56885784039613,5.4297617125118,3.00138044709207
-0.215215215215215,1.55865458224722,5.42909449476003,3.01225092299274
-0.205205205205205,1.54851916501797,5.42836079754625,3.02312003743579
-0.195195195195195,1.53845126485586,5.42756107941927,3.03398765572487
-0.185185185185185,1.52845055584451,5.42669580024611,3.04485364390938
-0.175175175175175,1.51851671000366,5.42576542121192,3.05571786878441
-0.165165165165165,1.50864939728918,5.42477040482004,3.06658019789078
-0.155155155155155,1.49884828559304,5.42371121489197,3.07744049951499
-0.145145145145145,1.48911304074336,5.42258831656737,3.08829864268927
-0.135135135135135,1.47944332650435,5.42140217630407,3.09915449719158
-0.125125125125125,1.46983880457639,5.42015326187807,3.11000793354554
-0.115115115115115,1.46029913459594,5.41884204238352,3.12085882302053
-0.105105105105105,1.45082397413561,5.41746898823277,3.13170703763162
-0.0950950950950951,1.44141297870412,5.4160345711563,3.14255245013958
-0.0850850850850851,1.43206580174632,5.41453926420277,3.15339493405091
-0.0750750750750751,1.42278209464317,5.41298354173902,3.16423436361781
-0.0650650650650651,1.41356150671178,5.41136787945002,3.17507061383819
-0.0550550550550551,1.40440368520535,5.40969275433896,3.18590356045569
-0.045045045045045,1.39530827531323,5.40795864472714,3.19673307995962
-0.035035035035035,1.38627492016089,5.40616603025407,3.20755904958504
-0.025025025025025,1.3773032608099,5.40431539187739,3.21838134731271
-0.015015015015015,1.36839293625798,5.40240721187294,3.22919985186908
-0.005005005005005,1.35954358343895,5.4004419738347,3.24001444272635
0.005005005005005,1.35075483722279,5.39842016267483,3.25082500010238
0.015015015015015,1.34202633041556,5.39634226462365,3.26163140496079
0.025025025025025,1.33335769375947,5.39420876722965,3.27243353901088
0.035035035035035,1.32474855593284,5.39202015935949,3.28323128470767
0.045045045045045,1.31619854355013,5.38977693119798,3.29402452525189
0.0550550550550551,1.3077072811619,5.38747957424811,3.30481314458999
0.0650650650650651,1.29927439125485,5.38512858133104,3.3155970274141
0.0750750750750751,1.2908994942518,5.38272444658609,3.3263760591621
0.0850850850850851,1.2825822085117,5.38026766547073,3.33715012601757
0.0950950950950951,1.2743221503296,5.37775873476063,3.34791911490977
0.105105105105105,1.2661189339367,5.37519815254959,3.3586829135137
0.115115115115115,1.25797233929684,5.37258626316339,3.36944139753977
0.125125125125125,1.24988221843425,5.36992332983889,3.38019445172686
0.135135135135135,1.24184821912641,5.3672097954803,3.39094198539329
0.145145145145145,1.23386998970887,5.36444610180583,3.4016839084853
0.155155155155155,1.22594718000267,5.36163268850889,3.41242013148844
0.165165165165165,1.21807944131429,5.35876999325814,3.42315056542756
0.175175175175175,1.21026642643569,5.35585845169746,3.43387512186684
0.185185185185185,1.20250778964429,5.35289849744594,3.44459371290977
0.195195195195195,1.19480318670297,5.34989056209789,3.45530625119914
0.205205205205205,1.18715227486009,5.34683507522284,3.46601264991707
0.215215215215215,1.17955471284946,5.34373246436557,3.47671282278497
0.225225225225225,1.17201016089037,5.34058315504604,3.48740668406359
0.235235235235235,1.16451828068757,5.33738757075946,3.49809414855297
0.245245245245245,1.15707873543127,5.33414613297625,3.50877513159248
0.255255255255255,1.14969118979715,5.33085926114206,3.51944954906078
0.265265265265265,1.14235530994637,5.32752737267776,3.53011731737587
0.275275275275275,1.13507076352552,5.32415088297943,3.54077835349505
0.285285285285285,1.12783721966669,5.32073020541839,3.55143257491492
0.295295295295295,1.12065434898742,5.31726575134116,3.56207989967141
0.305305305305305,1.11352182359072,5.31375793006951,3.57272024633977
0.315315315315315,1.10643931706506,5.3102071489004,3.58335353403454
0.325325325325325,1.09940650448439,5.30661381310603,3.59397968240958
0.335335335335335,1.0924230624081,5.30297832593383,3.60459861165807
0.345345345345345,1.08548866888108,5.29930108860643,3.61521024251249
0.355355355355355,1.07860300343365,5.29558250032169,3.62581449624466
0.365365365365365,1.07176574708162,5.2918229582527,3.63641129466568
0.375375375375375,1.06497658232625,5.28802285754777,3.64700056012598
0.385385385385385,1.05823519315429,5.28418259133042,3.65758221551529
0.395395395395395,1.05154126503792,5.2803025506994,3.66815618426268
0.405405405405405,1.04489448493482,5.27638312472868,3.6787223903365
0.415415415415415,1.03829454128811,5.27242470046745,3.68928075824443
0.425425425425425,1.03174112402639,5.26842766294014,3.69983121303347
0.435435435435435,1.02523392456373,5.26439239514637,3.71037368028991
0.445445445445445,1.01877263579964,5.26031927806099,3.72090808613937
0.455455455455455,1.01235695211912,5.2562086906341,3.73143435724677
0.465465465465465,1.00598656939263,5.252061009791,3.74195242081637
0.475475475475475,0.999661184976103,5.24787661043219,3.7524622045917
0.485485485485485,0.993380497710916,5.24365586543344,3.76296363685564
0.495495495495495,0.987144207923928,5.2393991456457,3.77345664643037
0.505505505505506,0.98095201742746,5.23510681989516,3.78394116267738
0.515515515515516,0.9748036295193,5.23077925498323,3.79441711549747
0.525525525525526,0.968698748982699,5.22641681568655,3.80488443533075
0.535535535535536,0.962637082086375,5.22201986475696,3.81534305315666
0.545545545545546,0.956618336584512,5.21758876292154,3.82579290049394
0.555555555555556,0.950642221716759,5.21312386888259,3.83623390940065
0.565565565565566,0.94470844820823,5.20862553931762,3.84666601247415
0.575575575575576,0.938816728269506,5.20409412887938,3.85708914285111
0.585585585585586,0.932966775596633,5.19952999019582,3.86750323420755
0.595595595595596,0.927158305371122,5.19493347387013,3.87790822075875
0.605605605605606,0.921391034259951,5.19030492848071,3.88830403725934
0.615615615615616,0.915664680415563,5.18564470058119,3.89869061900325
0.625625625625626,0.909978963475866,5.18095313470041,3.90906790182372
0.635635635635636,0.904333604564234,5.17623057334245,3.91943582209331
0.645645645645646,0.898728326289507,5.1714773569866,3.92979431672389
0.655655655655656,0.893162852745989,5.16669382408737,3.94014332316664
0.665665665665666,0.887636909513454,5.1618803110745,3.95048277941205
0.675675675675676,0.882150223657135,5.15703715235294,3.96081262398993
0.685685685685686,0.876702523727737,5.15216468030286,3.9711327959694
0.695695695695696,0.871293539761427,5.14726322527968,3.98144323495889
0.705705705705706,0.865923003279838,5.14233311561401,3.99174388110615
0.715715715715716,0.860590647290069,5.1373746776117,4.00203467509823
0.725725725725726,0.855296206284685,5.1323882355538,4.01231555816151
0.735735735735736,0.850039416241716,5.12737411169661,4.02258647206167
0.745745745745746,0.844820014624659,5.12233262627164,4.0328473591037
0.755755755755756,0.839637740382476,5.11726409748561,4.04309816213191
0.765765765765766,0.834492333949592,5.11216884152048,4.05333882452993
0.775775775775776,0.8293835372459,5.10704717253342,4.06356929022068
0.785785785785786,0.824311093676761,5.10189940265682,4.07378950366642
0.795795795795796,0.819274748132996,5.09672584199831,4.08399940986869
0.805805805805806,0.814274246990897,5.09152679864071,4.09419895436839
0.815815815815816,0.809309338112219,5.0863025786421,4.10438808324568
0.825825825825826,0.804379770844182,5.08105348603575,4.11456674312007
0.835835835835836,0.799485296019473,5.07577982283016,4.12473488115036
0.845845845845846,0.794625665956244,5.07048188900907,4.13489244503468
0.855855855855856,0.789800634458113,5.06515998253142,4.14503938301047
0.865865865865866,0.785009956814163,5.05981439933137,4.15517564385446
0.875875875875876,0.780253389798944,5.05444543331832,4.16530117688273
0.885885885885886,0.775530691672471,5.04905337637688,4.17541593195065
0.895895895895896,0.770841622180222,5.04363851836688,4.18551985945289
0.905905905905906,0.766185942553145,5.03820114712339,4.19561291032347
0.915915915915916,0.761563415507651,5.03274154845666,4.20569503603568
0.925925925925926,0.756973805245618,5.02726000615222,4.21576618860216
0.935935935935936,0.752416877454386,5.02175680197077,4.22582632057485
0.945945945945946,0.747892399306767,5.01623221564825,4.23587538504498
0.955955955955956,0.743400139461033,5.01068652489584,4.24591333564313
0.965965965965966,0.738939868060923,5.00512000539991,4.25594012653916
0.975975975975976,0.734511356735645,4.99953293082208,4.26595571244227
0.985985985985986,0.730114378599868,4.99392557279917,4.27596004860096
0.995995995995996,0.725748708253728,4.98829820094324,4.28595309080303
1.00600600600601,0.721414121782829,4.98265108284155,4.29593479537562
1.01601601601602,0.717110396758238,4.97698448405661,4.30590511918516
1.02602602602603,0.712837312236487,4.97129866812611,4.3158640196374
1.03603603603604,0.708594648759576,4.96559389656302,4.3258114546774
1.04604604604605,0.704382188354971,4.95987042885547,4.33574738278955
1.05605605605606,0.700199714535601,4.95412852246686,4.34567176299753
1.06606606606607,0.696047012299862,4.94836843283579,4.35558455486435
1.07607607607608,0.691923868131615,4.94259041337608,4.36548571849231
1.08608608608609,0.687830070000189,4.93679471547677,4.37537521452304
1.0960960960961,0.683765407360375,4.93098158850214,4.38525300413748
1.10610610610611,0.679729671047759,4.92515127989229,4.39511904905995
1.11611611611612,0.675722529374441,4.91930415242744,4.40497331819812
1.12612612612613,0.671743667057408,4.91344054567631,4.41481578726628
1.13613613613614,0.667792881003163,4.90756068940546,4.42464642959138
1.14614614614615,0.663869969223308,4.90166481202195,4.43446521875475
1.15615615615616,0.659974730834543,4.89575314057342,4.44427212859204
1.16616616616617,0.656106966058673,4.88982590074807,4.45406713319326
1.17617617617618,0.652266476222598,4.88388331687463,4.46385020690277
1.18618618618619,0.648453063758321,4.87792561192241,4.47362132431927
1.1961961961962,0.644666532202944,4.87195300750125,4.4833804602958
1.20620620620621,0.640906686198672,4.86596572386156,4.49312758993976
1.21621621621622,0.637173331492805,4.8599639798943,4.50286268861289
1.22622622622623,0.633466274937748,4.85394799313097,4.51258573193128
1.23623623623624,0.629785324491003,4.84791797974364,4.52229669576535
1.24624624624625,0.626130289215174,4.84187415454493,4.5319955562399
1.25625625625626,0.622500979277964,4.835816730988,4.54168228973403
1.26626626626627,0.618897205952177,4.82974592116658,4.55135687288124
1.27627627627628,0.615318781615717,4.82366193581496,4.56101928256933
1.28628628628629,0.611765519751587,4.81756498430795,4.57066949594047
1.2962962962963,0.608237234947892,4.81145527466094,4.58030749039117
1.30630630630631,0.604733742897836,4.80533301352987,4.58993324357229
1.31631631631632,0.601254860399723,4.79919840621124,4.59954673338904
1.32632632632633,0.597800405356958,4.79305165664207,4.60914793800097
1.33633633633634,0.594370196778046,4.78689296739999,4.61873683582197
1.34634634634635,0.590964054776591,4.78072253970312,4.62831340552029
1.35635635635636,0.587581800571298,4.77454057341019,4.63787762601851
1.36636636636637,0.584223256485972,4.76834726702044,4.64742947649359
1.37637637637638,0.58088824594952,4.76214281767368,4.65696893637679
1.38638638638639,0.577576593495945,4.75592742115029,4.66649598535376
1.3963963963964,0.574288124764354,4.74970127187118,4.67601060336446
1.40640640640641,0.571022666498953,4.74346456289782,4.68551277060322
1.41641641641642,0.567780046549046,4.73721748593224,4.69500246751871
1.42642642642643,0.564560093869042,4.73096023131701,4.70447967481395
1.43643643643644,0.561362638518444,4.72469298803526,4.71394437344629
1.44644644644645,0.558187511661861,4.71841594371069,4.72339654462745
1.45645645645646,0.555034545568998,4.71212928460752,4.73283616982348
1.46646646646647,0.551903573614662,4.70583319563055,4.74226323075478
1.47647647647648,0.54879443027876,4.69952786032513,4.75167770939611
1.48648648648649,0.545706951146299,4.69321346087716,4.76107958797654
1.4964964964965,0.542640972907385,4.68689017811307,4.77046884897954
1.50650650650651,0.539596333357227,4.68055819149989,4.77984547514288
1.51651651651652,0.536572871396131,4.67421767914517,4.7892094494587
1.52652652652653,0.533570427029505,4.66786881779702,4.79856075517347
1.53653653653654,0.530588841367856,4.66151178284411,4.80789937578804
1.54654654654655,0.527627956626794,4.65514674831565,4.81722529505756
1.55655655655656,0.524687616127024,4.64877388688142,4.82653849699156
1.56656656656657,0.521767664294357,4.64239336985174,4.8358389658539
1.57657657657658,0.518867946659699,4.63600536717749,4.84512668616281
1.58658658658659,0.51598830985906,4.62961004745011,4.85440164269083
1.5965965965966,0.513128601633548,4.62320757790158,4.86366382046487
1.60660660660661,0.510288670829371,4.61679812440444,4.87291320476619
1.61661661661662,0.50746836739784,4.61038185147177,4.88214978113038
1.62662662662663,0.504667542395362,4.60395892225724,4.8913735353474
1.63663663663664,0.501886047983447,4.59752949855503,4.90058445346152
1.64664664664665,0.499123737428704,4.5910937407999,4.90978252177139
1.65665665665666,0.496380465102843,4.58465180806716,4.91896772682999
1.66666666666667,0.493656086482673,4.57820385807266,4.92814005544466
1.67667667667668,0.490950458150104,4.57175004717282,4.93729949467707
1.68668668668669,0.488263437792147,4.5652905303646,4.94644603184325
1.6966966966967,0.485594884200911,4.55882546128553,4.95557965451356
1.70670670670671,0.482944657273606,4.55235499221367,4.96470035051272
1.71671671671672,0.480312618012544,4.54587927406766,4.9738081079198
1.72672672672673,0.477698628525134,4.53939845640666,4.9829029150682
1.73673673673674,0.475102552023887,4.53291268743043,4.99198476054569
1.74674674674675,0.472524252826414,4.52642211397923,5.00105363319436
1.75675675675676,0.469963596355426,4.51992688153391,5.01010952211066
1.76676676676677,0.467420449138734,4.51342713421587,5.01915241664539
1.77677677677678,0.46489467880925,4.50692301478706,5.02818230640369
1.78678678678679,0.462386154104985,4.50041466464996,5.03719918124505
1.7967967967968,0.45989474486905,4.49390222384764,5.04620303128331
1.80680680680681,0.457420322049658,4.4873858310637,5.05519384688664
1.81681681681682,0.45496275770012,4.4808656236223,5.06417161867758
1.82682682682683,0.452521924978848,4.47434173748816,5.07313633753299
1.83683683683684,0.450097698149355,4.46781430726654,5.0820879945841
1.84684684684685,0.447689952580253,4.46128346620327,5.09102658121648
1.85685685685686,0.445298564745254,4.45474934618471,5.09995208907004
1.86686686686687,0.442923412223171,4.44821207773779,5.10886451003904
1.87687687687688,0.440564373697917,4.44167179003,5.11776383627208
1.88688688688689,0.438221328958505,4.43512861086937,5.12665006017212
1.8968968968969,0.435894158899048,4.42858266670448,5.13552317439647
1.90690690690691,0.433582745518759,4.42203408262448,5.14438317185676
1.91691691691692,0.431286971921952,4.41548298235906,5.15323004571898
1.92692692692693,0.42900672231804,4.40892948827847,5.16206378940349
1.93693693693694,0.426741882021537,4.40237372139351,5.17088439658495
1.94694694694695,0.424492337452056,4.39581580135553,5.17969186119241
1.95695695695696,0.422257976134313,4.38925584645644,5.18848617740925
1.96696696696697,0.420038686698121,4.3826939736287,5.19726733967318
1.97697697697698,0.417834358878393,4.37613029844533,5.20603534267627
1.98698698698699,0.415644883515146,4.3695649351199,5.21479018136496
1.996996996997,0.413470152553493,4.36299799650651,5.22353185093999
2.00700700700701,0.411310059043649,4.35642959409986,5.23226034685649
2.01701701701702,0.40916449714093,4.34985983803517,5.2409756648239
2.02702702702703,0.407033362105749,4.34328883708821,5.24967780080604
2.03703703703704,0.404916550303623,4.33671669867533,5.25836675102105
2.04704704704705,0.402813959205167,4.33014352885341,5.26704251194142
2.05705705705706,0.400725487386096,4.32356943231989,5.27570508029401
2.06706706706707,0.398651034527226,4.31699451241277,5.28435445306
2.07707707707708,0.396590501414473,4.3104188711106,5.29299062747493
2.08708708708709,0.394543789938852,4.30384260903248,5.30161360102867
2.0970970970971,0.392510803096481,4.29726582543806,5.31022337146546
2.10710710710711,0.390491443921268,4.29068861924741,5.31881993683132
2.11711711711712,0.388485539658542,4.28411116070343,5.32740329963802
2.12712712712713,0.386492947095495,4.27753358912189,5.33597346378261
2.13713713713714,0.384513571338153,4.27095599704514,5.34453043161671
2.14714714714715,0.382547318023428,4.26437847638767,5.3530742055889
2.15715715715716,0.38059409331912,4.2578011184361,5.36160478824478
2.16716716716717,0.378653803923914,4.25122401384918,5.3701221822269
2.17717717717718,0.376726357067382,4.24464725265781,5.37862639027481
2.18718718718719,0.374811660509983,4.23807092426499,5.38711741522503
2.1971971971972,0.37290962254306,4.23149511744588,5.39559526001106
2.20720720720721,0.371020151988846,4.22491992034775,5.4040599276634
2.21721721721722,0.369143158200457,4.21834542049001,5.41251142130953
2.22722722722723,0.367278551061899,4.21177170476422,5.42094974417388
2.23723723723724,0.36542624098806,4.20519885943403,5.42937489957791
2.24724724724725,0.363586138924719,4.19862697013525,5.43778689094003
2.25725725725726,0.361758156348538,4.19205612187582,5.44618572177564
2.26726726726727,0.359942205267067,4.18548639903581,5.45457139569712
2.27727727727728,0.358138198218742,4.17891788536741,5.46294391641385
2.28728728728729,0.356346048272886,4.17235066399495,5.47130328773216
2.2972972972973,0.354565669029707,4.1657848174149,5.47964951355539
2.30730730730731,0.352796974620302,4.15922042749585,5.48798259788385
2.31731731731732,0.351039879706651,4.15265757547851,5.49630254481484
2.32732732732733,0.349294299481624,4.14609634197575,5.50460935854262
2.33733733733734,0.347560149668975,4.13953680697255,5.51290304335847
2.34734734734735,0.345837346523344,4.13297904982603,5.52118360365062
2.35735735735736,0.34412580683026,4.12642314926544,5.5294510439043
2.36736736736737,0.342425447906136,4.11986918339216,5.5377053687017
2.37737737737738,0.340736187598274,4.11331722967969,5.54594658272203
2.38738738738739,0.339057944284858,4.10676736497369,5.55417469074145
2.3973973973974,0.337390636874964,4.10021966549192,5.56238969763311
2.40740740740741,0.33573418480855,4.0936742068243,5.57059160836715
2.41741741741742,0.334088508056463,4.08713106393285,5.57878042801068
2.42742742742743,0.332453527120434,4.08059031115175,5.58695616172781
2.43743743743744,0.330829163033084,4.0740520221873,5.59511881477961
2.44744744744745,0.329215337357916,4.06751627011793,5.60326839252415
2.45745745745746,0.327611972189324,4.06098312739419,5.61140490041648
2.46746746746747,0.326018990152585,4.05445266583879,5.61952834400862
2.47747747747748,0.324436314403864,4.04792495664654,5.62763872894959
2.48748748748749,0.322863868630211,4.04140007038441,5.63573606098537
2.4974974974975,0.321301577049566,4.03487807699148,5.64382034595895
2.50750750750751,0.31974936441075,4.02835904577897,5.65189158981028
2.51751751751752,0.318207155993475,4.02184304543023,5.65994979857629
2.52752752752753,0.316674877608337,4.01533014400074,5.66799497839092
2.53753753753754,0.315152455596819,4.00882040891812,5.67602713548506
2.54754754754755,0.313639816831292,4.0023139069821,5.68404627618661
2.55755755755756,0.31213688871501,3.99581070436457,5.69205240692042
2.56756756756757,0.310643599182117,3.98931086660953,5.70004553420836
2.57757757757758,0.309159876697642,3.98281445863311,5.70802566466924
2.58758758758759,0.307685650257499,3.9763215447236,5.7159928050189
2.5975975975976,0.30622084938849,3.96983218854138,5.72394696207013
2.60760760760761,0.304765404148304,3.96334645311899,5.7318881427327
2.61761761761762,0.303319245125514,3.9568644008611,5.73981635401339
2.62762762762763,0.301882303439583,3.95038609354449,5.74773160301592
2.63763763763764,0.300454510740857,3.9439115923181,5.75563389694104
2.64764764764765,0.299035799210571,3.93744095770299,5.76352324308644
2.65765765765766,0.297626101560843,3.93097424959233,5.77139964884683
2.66766766766767,0.296225351034683,3.92451152725145,5.77926312171386
2.67767767767768,0.294833481405981,3.91805284931781,5.78711366927621
2.68768768768769,0.293450426979518,3.91159827380098,5.7949512992195
2.6976976976977,0.29207612259096,3.90514785808268,5.80277601932636
2.70770770770771,0.290710503606859,3.89870165891675,5.81058783747639
2.71771771771772,0.289353505924653,3.89225973242917,5.81838676164617
2.72772772772773,0.288005065972669,3.88582213411805,5.82617279990928
2.73773773773774,0.286665120710118,3.87938891885363,5.83394596043625
2.74774774774775,0.285333607627098,3.87296014087828,5.84170625149462
2.75775775775776,0.284010464744593,3.8665358538065,5.84945368144891
2.76776776776777,0.282695630614474,3.86011611062492,5.85718825876061
2.77777777777778,0.281389044319499,3.85370096369231,5.86490999198819
2.78778778778779,0.280090645473311,3.84729046473956,5.87261888978713
2.7977977977978,0.278800374220441,3.8408846648697,5.88031496090985
2.80780780780781,0.277518171236306,3.8344836145579,5.8879982142058
2.81781781781782,0.276243977727207,3.82808736365143,5.89566865862136
2.82782782782783,0.274977735430335,3.82169596136972,5.90332630319994
2.83783783783784,0.273719386613766,3.81530945630433,5.9109711570819
2.84784784784785,0.272468874076462,3.80892789641894,5.9186032295046
2.85785785785786,0.271226141148271,3.80255132904935,5.92622252980237
2.86786786786787,0.269991131689929,3.79617980090353,5.93382906740654
2.87787787787788,0.268763790093058,3.78981335806154,5.9414228518454
2.88788788788789,0.267544061280166,3.7834520459756,5.94900389274423
2.8978978978979,0.266331890704646,3.77709590947005,5.9565721998253
2.90790790790791,0.26512722435078,3.77074499274135,5.96412778290786
2.91791791791792,0.263930008733735,3.76439933935812,5.97167065190814
2.92792792792793,0.262740190899564,3.75805899226108,5.97920081683935
2.93793793793794,0.261557718425209,3.7517239937631,5.98671828781169
2.94794794794795,0.260382539418495,3.74539438554919,5.99422307503232
2.95795795795796,0.259214602518136,3.73907020867646,6.00171518880541
2.96796796796797,0.25805385689373,3.73275150357417,6.0091946395321
2.97797797797798,0.256900252245765,3.72643831004373,6.01666143771051
2.98798798798799,0.255753738805611,3.72013066725864,6.02411559393575
2.997997997998,0.254614267335527,3.71382861376457,6.0315571188999
3.00800800800801,0.25348178912866,3.7075321874793,6.03898602339204
3.01801801801802,0.25235625600904,3.70124142569274,6.04640231829821
3.02802802802803,0.251237620331585,3.69495636506695,6.05380601460146
3.03803803803804,0.2501258349821,3.6886770416361,6.06119712338179
3.04804804804805,0.249020853377275,3.68240349080651,6.06857565581621
3.05805805805806,0.247922629464688,3.67613574735661,6.0759416231787
3.06806806806807,0.246831117722802,3.66987384543698,6.08329503684022
3.07807807807808,0.245746273160968,3.66361781857032,6.09063590826872
3.08808808808809,0.244668051319421,3.65736769965146,6.09796424902911
3.0980980980981,0.243596408269286,3.65112352094738,6.10528007078333
3.10810810810811,0.24253129930682,3.6448853153873,6.11258338530588
3.11811811811812,0.241472647861737,3.63865314698911,6.11987420514915
3.12812812812813,0.240420395985512,3.63242706054511,6.12715254346937
3.13813813813814,0.239374500552659,3.62620708605492,6.13441841339242
3.14814814814815,0.238334918673415,3.61999325325675,6.14167182806984
3.15815815815816,0.237301607693743,3.61378559162743,6.14891280067882
3.16816816816817,0.236274525195333,3.60758413038242,6.15614134442225
3.17817817817818,0.235253628995599,3.60138889847576,6.16335747252864
3.18818818818819,0.234238877147681,3.59519992460013,6.17056119825219
3.1981981981982,0.233230227940445,3.58901723718681,6.17775253487274
3.20820820820821,0.232227639898481,3.58284086440569,6.18493149569583
3.21821821821822,0.231231071782108,3.57667083416527,6.19209809405262
3.22822822822823,0.230240482587365,3.57050717411266,6.19925234329997
3.23823823823824,0.229255831546022,3.5643499116336,6.20639425682037
3.24824824824825,0.228277078125572,3.55819907385243,6.213523848022
3.25825825825826,0.227304182029233,3.55205468763209,6.22064113033868
3.26826826826827,0.22633710319595,3.54591677957414,6.22774611722991
3.27827827827828,0.225375801800393,3.53978537601875,6.23483882218085
3.28828828828829,0.224420238252956,3.53366050304473,6.24191925870232
3.2982982982983,0.223470373199761,3.52754218646944,6.24898744033079
3.30830830830831,0.222526167522655,3.52143045184892,6.25604338062842
3.31831831831832,0.221587582339209,3.51532532447777,6.26308709318302
3.32832832832833,0.22065457900272,3.50922682938923,6.27011859160805
3.33833833833834,0.219727119102212,3.50313499135514,6.27713788954264
3.34834834834835,0.218805164462434,3.49704983488596,6.2841450006516
3.35835835835836,0.217888677143859,3.49097138423075,6.29113993862539
3.36836836836837,0.216977619442687,3.48489966337719,6.29812271718013
3.37837837837838,0.216071953890843,3.47883469605156,6.30509335005759
3.38838838838839,0.215171643255978,3.47277650571878,6.31205185102524
3.3983983983984,0.214276650541468,3.46672511558235,6.31899823387618
3.40840840840841,0.213386938986415,3.4606805485844,6.32593251242919
3.41841841841842,0.212502472065646,3.45464282740566,6.3328547005287
3.42842842842843,0.211623213489714,3.44861197446548,6.33976481204481
3.43843843843844,0.210749127204897,3.44258801192182,6.34666286087328
3.44844844844845,0.2098801773932,3.43657096167125,6.35354886093555
3.45845845845846,0.20901632847235,3.43056084534896,6.36042282617869
3.46846846846847,0.208157545095805,3.42455768432873,6.36728477057546
3.47847847847848,0.207303792152743,3.41856149972298,6.37413470812428
3.48848848848849,0.206455034768071,3.41257231238272,6.38097265284921
3.4984984984985,0.205611238302421,3.40659014289757,6.3877986188
3.50850850850851,0.204772368352149,3.40061501159579,6.39461262005206
3.51851851851852,0.203938390749338,3.39464693854422,6.40141467070644
3.52852852852853,0.203109271561796,3.38868594354833,6.40820478488987
3.53853853853854,0.202284977093057,3.38273204615219,6.41498297675475
3.54854854854855,0.20146547388238,3.37678526563849,6.42174926047912
3.55855855855856,0.20065072870475,3.37084562102853,6.42850365026671
3.56856856856857,0.199840708570877,3.36491313108222,6.4352461603469
3.57857857857858,0.199035380727197,3.35898781429808,6.44197680497472
3.58858858858859,0.19823471265587,3.35306968891324,6.44869559843088
3.5985985985986,0.197438672074785,3.34715877290346,6.45540255502176
3.60860860860861,0.196647226937553,3.34125508398308,6.46209768907937
3.61861861861862,0.195860345433512,3.33535863960507,6.46878101496141
3.62862862862863,0.195077995987725,3.32946945696102,6.47545254705125
3.63863863863864,0.194300147260983,3.32358755298112,6.48211229975789
3.64864864864865,0.193526768149798,3.31771294433417,6.48876028751603
3.65865865865866,0.192757827786411,3.31184564742759,6.495396524786
3.66866866866867,0.191993295538788,3.3059856784074,6.50202102605381
3.67867867867868,0.19123314101062,3.30013305315824,6.50863380583114
3.68868868868869,0.190477334041323,3.29428778730336,6.51523487865532
3.6986986986987,0.189725844706039,3.28844989620462,6.52182425908934
3.70870870870871,0.188978643315637,3.2826193949625,6.52840196172186
3.71871871871872,0.188235700416709,3.27679629841608,6.53496800116721
3.72872872872873,0.187496986791574,3.27098062114306,6.54152239206536
3.73873873873874,0.186762473458277,3.26517237745974,6.54806514908198
3.74874874874875,0.186032131670586,3.25937158142105,6.55459628690836
3.75875875875876,0.185305932917998,3.25357824682052,6.56111582026148
3.76876876876877,0.184583848925734,3.24779238719028,6.56762376388398
3.77877877877878,0.183865851654739,3.2420140158011,6.57412013254416
3.78878878878879,0.183151913301687,3.23624314566234,6.58060494103597
3.7987987987988,0.182442006298973,3.23047978952198,6.58707820417905
3.80880880880881,0.181736103314721,3.22472395986661,6.59353993681867
3.81881881881882,0.18103417725278,3.21897566892142,6.5999901538258
3.82882882882883,0.180336201252724,3.21323492865024,6.60642887009704
3.83883883883884,0.179642148689853,3.20750175075548,6.61285610055466
3.84884884884885,0.17895199317519,3.20177614667819,6.61927186014662
3.85885885885886,0.178265708555488,3.196058127598,6.62567616384651
3.86886886886887,0.177583268913222,3.19034770443319,6.63206902665359
3.87887887887888,0.176904648566594,3.18464488784061,6.63845046359279
3.88888888888889,0.176229822069531,3.17894968821576,6.64482048971471
3.8988988988989,0.175558764211686,3.17326211569273,6.65117912009559
3.90890890890891,0.174891450018438,3.16758218014421,6.65752636983735
3.91891891891892,0.174227854750889,3.16190989118154,6.66386225406757
3.92892892892893,0.17356795390587,3.15624525815464,6.67018678793949
3.93893893893894,0.172911723215936,3.15058829015205,6.67649998663202
3.94894894894895,0.172259138649366,3.14493899600092,6.68280186534972
3.95895895895896,0.171610176410167,3.13929738426701,6.68909243932282
3.96896896896897,0.17096481293807,3.13366346325471,6.69537172380722
3.97897897897898,0.170323024908533,3.128037241007,6.70163973408447
3.98898898898899,0.169684789232737,3.12241872530547,6.70789648546179
3.998998998999,0.169050083057591,3.11680792367034,6.71414199327206
4.00900900900901,0.168418883765729,3.11120484336044,6.72037627287383
4.01901901901902,0.167791168975509,3.10560949137318,6.72659933965131
4.02902902902903,0.167166916541017,3.10002187444463,6.73281120901435
4.03903903903904,0.166546104552062,3.09444199904943,6.7390118963985
4.04904904904905,0.165928711334181,3.08886987140086,6.74520141726495
4.05905905905906,0.165314715448634,3.0833054974508,6.75137978710057
4.06906906906907,0.164704095692408,3.07774888288973,6.75754702141786
4.07907907907908,0.164096831098216,3.07220003314676,6.76370313575502
4.08908908908909,0.163492900934496,3.06665895338961,6.76984814567589
4.0990990990991,0.162892284705411,3.0611256485246,6.77598206676999
4.10910910910911,0.162294961194434,3.05560012412336,6.78210491468221
4.11911911911912,0.161700897513609,3.05008239697158,6.78821670551481
4.12912912912913,0.161110069287561,3.04457247545662,6.79431745525582
4.13913913913914,0.160522456157352,3.03907036405645,6.8004071797862
4.14914914914915,0.159938037874168,3.03357606714138,6.80648589498445
4.15915915915916,0.159356794299316,3.02808958897411,6.81255361672657
4.16916916916917,0.158778705404228,3.02261093370966,6.81861036088611
4.17917917917918,0.158203751270456,3.01714010539543,6.82465614333411
4.18918918918919,0.157631912089677,3.01167710797117,6.83069097993915
4.1991991991992,0.15706316816369,3.00622194526899,6.83671488656732
4.20920920920921,0.156497499904415,3.00077462101335,6.84272787908223
4.21921921921922,0.155934887833898,2.99533513882108,6.84872997334502
4.22922922922923,0.155375312584306,2.98990350220136,6.85472118521434
4.23923923923924,0.154818754897928,2.98447971455571,6.86070153054636
4.24924924924925,0.154265195627177,2.97906377917805,6.86667102519477
4.25925925925926,0.153714615734588,2.97365569925462,6.8726296850108
4.26926926926927,0.153166996292819,2.96825547786402,6.87857752584316
4.27927927927928,0.15262231848465,2.96286311797723,6.88451456353812
4.28928928928929,0.152080563602986,2.95747862245757,6.89044081393945
4.2992992992993,0.151541713050852,2.95210199406071,6.89635629288843
4.30930930930931,0.151005748341397,2.94673323543471,6.9022610162239
4.31931931931932,0.150472651097892,2.94137234911994,6.90815499978217
4.32932932932933,0.149942403053733,2.93601933754917,6.9140382593971
4.33933933933934,0.149414986052435,2.9306742030475,6.91991081090006
4.34934934934935,0.14889038204764,2.92533694783241,6.92577267011995
4.35935935935936,0.148368573103108,2.92000757401371,6.93162385288318
4.36936936936937,0.147849541392727,2.91468608359358,6.93746437501369
4.37937937937938,0.147333269200502,2.90937247846657,6.94329425233293
4.38938938938939,0.146819738920566,2.90406676041957,6.94911350065986
4.3993993993994,0.146308933057171,2.89876893113184,6.95492213581099
4.40940940940941,0.145800834224694,2.89347899217498,6.96072017360033
4.41941941941942,0.145295425147634,2.88819694501296,6.96650762983941
4.42942942942943,0.144792688660611,2.8829227910021,6.97228452033728
4.43943943943944,0.144292607708371,2.8776565313911,6.97805086090053
4.44944944944945,0.143795165345781,2.87239816732098,6.98380666733323
4.45945945945946,0.14330034473783,2.86714769982515,6.98955195543702
4.46946946946947,0.14280812915963,2.86190512982936,6.99528674101101
4.47947947947948,0.142318501996418,2.85667045815171,7.00101103985187
4.48948948948949,0.14183144674355,2.85144368550269,7.00672486775376
4.4994994994995,0.141346947006508,2.8462248124851,7.01242824050839
4.50950950950951,0.140864986500895,2.84101383959415,7.01812117390496
4.51951951951952,0.140385549052437,2.83581076721735,7.02380368373021
4.52952952952953,0.139908618596984,2.83061559563463,7.02947578576839
4.53953953953954,0.139434179180505,2.82542832501821,7.03513749580128
4.54954954954955,0.138962214959097,2.82024895543273,7.04078882960817
4.55955955955956,0.138492710198976,2.81507748683515,7.04642980296587
4.56956956956957,0.138025649276481,2.80991391907479,7.05206043164873
4.57957957957958,0.137561016678076,2.80475825189334,7.05768073142859
4.58958958958959,0.137098797000345,2.79961048492483,7.06329071807482
4.5995995995996,0.136638974949996,2.79447061769568,7.06889040735433
4.60960960960961,0.136181535343861,2.78933864962462,7.07447981503152
4.61961961961962,0.135726463108892,2.78421458002278,7.08005895686833
4.62962962962963,0.135273743282166,2.77909840809362,7.08562784862421
4.63963963963964,0.134823361010881,2.77399013293297,7.09118650605614
4.64964964964965,0.134375301552359,2.76888975352902,7.09673494491862
4.65965965965966,0.133929550274045,2.76379726876231,7.10227318096365
4.66966966966967,0.133486092653505,2.75871267740572,7.10780122994077
4.67967967967968,0.133044914278429,2.75363597812453,7.11331910759704
4.68968968968969,0.13260600084663,2.74856716947635,7.11882682967702
4.6996996996997,0.132169338166043,2.74350624991113,7.12432441192282
4.70970970970971,0.131734912154726,2.73845321777122,7.12981187007405
4.71971971971972,0.131302708840859,2.7334080712913,7.13528921986784
4.72972972972973,0.130872714362746,2.7283708085984,7.14075647703885
4.73973973973974,0.130444914968814,2.72334142771194,7.14621365731925
4.74974974974975,0.13001929701761,2.71831992654365,7.15166077643874
4.75975975975976,0.129595846977807,2.71330630289767,7.15709785012452
4.76976976976977,0.129174551428198,2.70830055447045,7.16252489410135
4.77977977977978,0.128755397057702,2.70330267885083,7.16794192409146
4.78978978978979,0.128338370665357,2.69831267352,7.17334895581464
4.7997997997998,0.127923459160327,2.69333053585149,7.17874600498818
4.80980980980981,0.127510649561896,2.68835626311121,7.1841330873269
4.81981981981982,0.127099928999472,2.68338985245741,7.18951021854312
4.82982982982983,0.126691284712586,2.6784313009407,7.19487741434671
4.83983983983984,0.126284704050892,2.67348060550407,7.20023469044503
4.84984984984985,0.125880174474165,2.66853776298284,7.205582062543
4.85985985985986,0.125477683552305,2.66360277010469,7.21091954634301
4.86986986986987,0.125077218965332,2.65867562348967,7.216247157545
4.87987987987988,0.124678768503392,2.65375631965018,7.22156491184643
4.88988988988989,0.124282320066752,2.64884485499097,7.22687282494228
4.8998998998999,0.1238878616658,2.64394122580917,7.23217091252503
4.90990990990991,0.123495381421051,2.63904542829424,7.23745919028471
4.91991991991992,0.123104867563138,2.63415745852801,7.24273767390885
4.92992992992993,0.12271630843282,2.62927731248468,7.2480063790825
4.93993993993994,0.122329692480977,2.62440498603078,7.25326532148824
4.94994994994995,0.121945008268614,2.61954047492522,7.25851451680616
4.95995995995996,0.121562244466855,2.61468377481926,7.26375398071389
4.96996996996997,0.12118138985695,2.6098348812565,7.26898372888655
4.97997997997998,0.120802433330271,2.60499378967293,7.2742037769968
4.98998998998999,0.120425363888312,2.60016049539688,7.27941414071481
5,0.120050170642689,2.59533499364902,7.28461483570829
